,C,l1_ratio,max_iter,multi_class,penalty,random_state,solver,warm_start,accuracy
0,25.009327685975965,1.0,9001,multinomial,elasticnet,441,saga,True,0.3791469194312796
1,6.108943937149807,0.9884316522501975,9001,multinomial,elasticnet,441,saga,True,0.3222748815165877
2,3.641496758321364,1.0,9001,multinomial,elasticnet,441,saga,True,0.3578199052132701
3,34.67686377638301,1.0,9001,multinomial,elasticnet,441,saga,True,0.36729857819905215
4,334.18530454539416,0.005792977195304917,9001,multinomial,elasticnet,441,saga,True,0.3547619047619048
