,C,coef0,degree,gamma,kernel,accuracy
0,89.71850496297965,1.0,3.0,8.412393358105263,poly,0.43601895734597157
1,18.132199930816842,,,0.2660325519924625,rbf,0.46919431279620855
2,119.9746839211966,,,0.12019166717711681,rbf,0.44549763033175355
3,866.2665519209934,,,0.1439199602108465,rbf,0.4834123222748815
4,46.43334383885503,,,0.15492966804977976,rbf,0.47619047619047616
