,criterion,max_depth,max_features,n_estimators,accuracy
0,gini,52,56,441,0.9620853080568721
1,log_loss,811,50,441,0.966824644549763
2,gini,14,74,441,0.9620853080568721
3,gini,257,51,441,0.957345971563981
4,gini,14,53,441,0.9761904761904762
