,C,max_iter,multi_class,penalty,random_state,accuracy
0,1512.1211824429656,9001,ovr,l2,441,0.981042654028436
1,10000.0,9001,ovr,l2,441,0.985781990521327
2,451.5729495945617,9001,ovr,l2,441,0.957345971563981
3,5773.908649905516,9001,ovr,l2,441,0.985781990521327
4,10000.0,9001,ovr,l2,441,0.9952380952380953
