,C,penalty,multi_class,acc_scores
0,10000.0,l2,multinomial,0.966824644549763
1,10000.0,l2,multinomial,0.9715639810426541
2,1291.5496650148827,l2,multinomial,0.976303317535545
3,166.81005372000558,l2,multinomial,0.9383886255924171
4,1291.5496650148827,l2,multinomial,0.9761904761904762
