,C,penalty,multi_class,acc_scores
0,166.81005372000558,l2,ovr,0.985781990521327
1,10000.0,l2,ovr,0.981042654028436
2,10000.0,l2,ovr,0.981042654028436
3,10000.0,l2,ovr,0.95260663507109
4,10000.0,l2,ovr,0.9857142857142858
