,C,decision_function_shape,gamma,kernel,probability,random_state,accuracy
0,10000.0,ovr,0.15847496142409642,rbf,True,441,0.4786729857819905
1,20.664178366675934,ovr,0.2703330425122392,rbf,True,441,0.46919431279620855
2,10000.0,ovr,0.07807654232458255,rbf,True,441,0.45023696682464454
3,491.3382856963087,ovr,0.12557242590870257,rbf,True,441,0.4834123222748815
4,20.388580945404733,ovr,0.46567101027358127,rbf,True,441,0.44761904761904764
