,C,gamma,kernel,accuracy
0,3157.557622085512,0.0025853410296964737,rbf,0.9478672985781991
1,286.52701808968516,0.0027751993465519346,rbf,0.933649289099526
2,15.725829950002437,0.007810282870733027,rbf,0.8909952606635071
3,3.620325324159326,0.017303860930046825,rbf,0.933649289099526
4,732.0859819619769,0.001,rbf,0.919047619047619
