,C,gamma,kernel,accuracy,coef0,degree
0,10000.0,0.05466338359788187,rbf,0.976303317535545,,
1,33.799567700833975,0.02812142328259727,rbf,0.985781990521327,,
2,259.59381351819434,0.0021449225754789835,rbf,0.943127962085308,,
3,769.7071750487842,0.03527631685310003,rbf,0.9715639810426541,,
4,2033.198185059282,0.0034420195573402843,poly,0.9666666666666667,1.0,3.0
