,C,l1_ratio,max_iter,multi_class,penalty,random_state,solver,warm_start,accuracy
0,644.3459675825779,0.0,9001,multinomial,elasticnet,441,saga,True,0.3886255924170616
1,3.4755025999726676,1.0,9001,multinomial,elasticnet,441,saga,True,0.3886255924170616
2,4.973640388690109,1.0,9001,multinomial,elasticnet,441,saga,True,0.3459715639810427
3,68.18181489441382,1.0,9001,multinomial,elasticnet,441,saga,True,0.3933649289099526
4,4.345662580974742,1.0,9001,multinomial,elasticnet,441,saga,True,0.32857142857142857
