,C,l1_ratio,accuracy
0,539.0473923776119,0.0,0.3886255924170616
1,3.6471727702197687,0.949833382858919,0.3933649289099526
2,9.716799204251332,0.4993699256625682,0.3175355450236967
3,7.214541038504239,0.8819374347098504,0.4218009478672986
4,4.061946330719064,1.0,0.3238095238095238
