,criterion,max_depth,max_features,min_samples_split,n_estimators,random_state,accuracy
0,gini,19,35,2,441,441,0.41232227488151657
1,gini,37,37,2,441,441,0.5260663507109005
2,gini,13,12,2,441,441,0.41232227488151657
3,gini,20,3,2,441,441,0.45023696682464454
4,gini,37,4,2,441,441,0.44761904761904764
