,criterion,max_depth,max_features,min_samples_split,n_estimators,random_state,accuracy
0,gini,28,16,3,441,441,0.4431279620853081
1,gini,37,15,3,441,441,0.3909952606635071
2,gini,18,16,3,441,441,0.3933649289099526
3,gini,12,12,3,441,441,0.35308056872037913
4,gini,19,37,3,441,441,0.4166666666666667
