,criterion,max_depth,max_features,min_samples_split,n_estimators,random_state,accuracy
0,gini,38,57,2,441,441,0.9620853080568721
1,log_loss,17,52,2,441,441,0.966824644549763
2,gini,15,73,2,441,441,0.966824644549763
3,gini,10,74,2,441,441,0.95260663507109
4,gini,20,35,2,441,441,0.9761904761904762
