,C,decision_function_shape,gamma,kernel,probability,random_state,accuracy,coef0,degree
0,15.014255310792159,ovr,0.0447800132525585,rbf,True,441,0.966824644549763,,
1,1051.376061558005,ovr,0.030381943503182345,rbf,True,441,0.981042654028436,,
2,10000.0,ovr,0.02073612274321562,rbf,True,441,0.943127962085308,,
3,19.462393413240928,ovr,0.29644947768236646,poly,True,441,0.9715639810426541,1.0,3.0
4,5425.2037867716745,ovr,0.008652710148628536,rbf,True,441,0.9714285714285714,,
