,C,l1_ratio,accuracy
0,2.0916279695821034,1.0,0.943127962085308
1,4.817140348967703,1.0,0.995260663507109
2,3.7750919573880206,1.0,0.9383886255924171
3,2.053986873560971,1.0,0.957345971563981
4,0.9758740026860315,1.0,0.9809523809523809
